{"loss_data": [44.591575622558594, 44.588157653808594, 44.58317947387695, 44.57353591918945, 44.562294006347656, 44.55686569213867, 44.55320739746094, 44.55283737182617, 44.552490234375, 44.5521354675293], "train_losses": [44.55686569213867, 44.55179977416992], "val_losses": [44.55686569213867, 44.55179977416992], "test_losses": [44.55685806274414, 44.55179977416992]}